{
  "model_version": "1.0.0",
  "timestamp": "2025-11-11T23:22:20.631181",
  "metrics": {
    "accuracy": 0.9555555555555556,
    "roc_auc": 0.9722557644758784,
    "log_loss": 0.21078373096455963,
    "weighted_precision": 0.9584656084656085,
    "weighted_recall": 0.9555555555555556,
    "weighted_f1": 0.9546002483436206
  },
  "class_metrics": {
    "0": {
      "precision": 0.9523809523809523,
      "recall": 1.0,
      "f1-score": 0.975609756097561,
      "support": 20.0
    },
    "1": {
      "precision": 1.0,
      "recall": 0.8571428571428571,
      "f1-score": 0.9230769230769231,
      "support": 14.0
    },
    "2": {
      "precision": 0.9166666666666666,
      "recall": 1.0,
      "f1-score": 0.9565217391304348,
      "support": 11.0
    }
  }
}